class,,accuracy,accuracy2,chamfer-L1,chamfer-L2,completeness,completeness2,iou,normals,normals accuracy,normals completeness
n/a,,0.043240108723047,0.004127635327059,0.033056605029901,0.002608297162857,0.022873101267723,0.001088958988988,0.382809858061273,0.709353440592291,0.696940693099339,0.721766188085244
